{"cameraMode":{"drawMode":0,"name":"Shaded","section":"Shading Mode"},"sceneLighting":true,"audioPlay":false,"sceneViewState":{"showFog":true,"showMaterialUpdate":true,"showSkybox":true,"showFlares":true,"showImageEffects":true,"showParticleSystems":true},"in2DMode":false,"pivot":{"x":2.963689088821411,"y":0.8904016017913818,"z":5.179106712341309},"rotation":{"x":-0.06067250296473503,"y":0.9312117099761963,"z":-0.18247297406196595,"w":-0.30962780117988589},"size":7.192183017730713,"orthographic":false}