{"cameraMode":{"drawMode":0,"name":"Shaded","section":"Shading Mode"},"sceneLighting":true,"audioPlay":false,"sceneViewState":{"showFog":true,"showMaterialUpdate":true,"showSkybox":true,"showFlares":true,"showImageEffects":true,"showParticleSystems":true},"in2DMode":false,"pivot":{"x":-8.909056663513184,"y":-2.9559860229492189,"z":-4.851597309112549},"rotation":{"x":-0.19070786237716676,"y":0.738142728805542,"z":-0.2331964075565338,"w":-0.6036528944969177},"size":40.325862884521487,"orthographic":false}