{"cameraMode":{"drawMode":0,"name":"Shaded","section":"Shading Mode"},"sceneLighting":true,"audioPlay":false,"sceneViewState":{"showFog":true,"showMaterialUpdate":true,"showSkybox":true,"showFlares":true,"showImageEffects":true,"showParticleSystems":true},"in2DMode":false,"pivot":{"x":45.102046966552737,"y":-13.430685043334961,"z":35.179595947265628},"rotation":{"x":0.16073323786258698,"y":0.5442527532577515,"z":-0.1071559339761734,"w":0.8163859844207764},"size":94.33889770507813,"orthographic":false}