{"cameraMode":{"drawMode":0,"name":"Shaded","section":"Shading Mode"},"sceneLighting":true,"audioPlay":false,"sceneViewState":{"showFog":true,"showMaterialUpdate":true,"showSkybox":true,"showFlares":true,"showImageEffects":true,"showParticleSystems":true},"in2DMode":false,"pivot":{"x":-16.164260864257814,"y":-8.674745559692383,"z":0.3778972625732422},"rotation":{"x":-0.21680641174316407,"y":0.7371017932891846,"z":-0.2769409716129303,"w":-0.5770491361618042},"size":49.06658935546875,"orthographic":false}